iter	Logloss
0	0.6796153255
100	0.3849681087
200	0.346733976
300	0.3253452101
400	0.308033
500	0.2913491325
600	0.2761785754
700	0.2624292715
800	0.2509157585
900	0.2406382075
999	0.230517658
