iter	Logloss
0	0.6811759676
100	0.4186048271
200	0.3722427831
300	0.3455712605
400	0.3258081441
500	0.3079357305
600	0.2926891737
700	0.278180104
800	0.2651527762
900	0.254642413
999	0.245856272
