iter	Logloss
0	0.6829200934
100	0.4173722701
200	0.3701681342
300	0.339979818
400	0.3208588319
500	0.3036644465
600	0.2882513672
700	0.2744966617
800	0.2627708078
900	0.2519876149
999	0.2426191598
