iter	Logloss
0	0.6819674069
100	0.4095439648
200	0.3650447961
300	0.3384510597
400	0.3195487198
500	0.3014950923
600	0.286381556
700	0.2732591025
800	0.2612509609
900	0.250439079
999	0.2412453644
