iter	Logloss
0	0.6794449567
100	0.3876430207
200	0.3492930178
300	0.3275658684
400	0.3091535332
500	0.2924830749
600	0.2778769669
700	0.2646040903
800	0.2527573431
900	0.2419554865
999	0.232266765
