iter	Logloss
0	0.6808963492
100	0.3231107223
200	0.2897835303
300	0.2726394821
400	0.258639375
500	0.2446402137
600	0.232924217
700	0.2224405252
800	0.2127825734
900	0.2046768146
999	0.1964206118
