iter	Logloss
0	0.6824334515
100	0.4211007951
200	0.369286235
300	0.3441570061
400	0.3240028991
500	0.3071910764
600	0.2922211114
700	0.279108305
800	0.267119941
900	0.2571929848
999	0.2475575849
