iter	Logloss
0	0.6824175202
100	0.4174220398
200	0.3687101842
300	0.3419286555
400	0.3227196055
500	0.3047740505
600	0.2891923468
700	0.2756372037
800	0.2642878593
900	0.2536278086
999	0.2437462925
