iter	Logloss
0	0.6821184815
100	0.4158753955
200	0.3715075869
300	0.3437659734
400	0.3242191283
500	0.3058704555
600	0.2908353569
700	0.2783621586
800	0.2667593417
900	0.25635455
999	0.2463457512
